-- code table data
INSERT INTO code(code_no, category_no, code_title, code_content, code_source, user_email) VALUES (1,1,'title1','console log1','console.log("hi")//1','user1@naver.com');
INSERT INTO code(code_no, category_no, code_title, code_content, code_source, user_email) VALUES (2,1,'title2','console log2','console.log("hi")//2','user2@naver.com');
INSERT INTO code(code_no, category_no, code_title, code_content, code_source, user_email) VALUES (3,1,'title3','console log3','console.log("hi")//3','user3@naver.com');
INSERT INTO code(code_no, category_no, code_title, code_content, code_source, user_email) VALUES (4,1,'title4','console log4','console.log("hi")//4','user4@naver.com');
INSERT INTO code(code_no, category_no, code_title, code_content, code_source, user_email) VALUES (5,1,'title5','console log5','console.log("hi")//5','user5@naver.com');
INSERT INTO code(code_no, category_no, code_title, code_content, code_source, user_email) VALUES (6,1,'title6','console log6','console.log("hi")//6','user1@naver.com');
INSERT INTO code(code_no, category_no, code_title, code_content, code_source, user_email) VALUES (7,2,'title7','console log7','console.log("hi")//7','user2@naver.com');
INSERT INTO code(code_no, category_no, code_title, code_content, code_source, user_email) VALUES (8,2,'title8','console log8','console.log("hi")//8','user3@naver.com');
INSERT INTO code(code_no, category_no, code_title, code_content, code_source, user_email) VALUES (9,2,'title9','console log9','console.log("hi")//9','user4@naver.com');
INSERT INTO code(code_no, category_no, code_title, code_content, code_source, user_email) VALUES (10,2,'title10','console log10','console.log("hi")//10','user5@naver.com');
INSERT INTO code(code_no, category_no, code_title, code_content, code_source, user_email) VALUES (11,2,'title11','console log11','console.log("hi")//11','user1@naver.com');
INSERT INTO code(code_no, category_no, code_title, code_content, code_source, user_email) VALUES (12,2,'title12','console log12','console.log("hi")//12','user2@naver.com');
INSERT INTO code(code_no, category_no, code_title, code_content, code_source, user_email) VALUES (13,2,'title13','console log13','console.log("hi")//13','user1@naver.com');
INSERT INTO code(code_no, category_no, code_title, code_content, code_source, user_email) VALUES (14,3,'title14','console log14','console.log("hi")//14','user2@naver.com');
INSERT INTO code(code_no, category_no, code_title, code_content, code_source, user_email) VALUES (15,3,'title15','console log15','console.log("hi")//15','user3@naver.com');
INSERT INTO code(code_no, category_no, code_title, code_content, code_source, user_email) VALUES (16,3,'title16','console log16','console.log("hi")//16','user4@naver.com');
INSERT INTO code(code_no, category_no, code_title, code_content, code_source, user_email) VALUES (17,3,'title17','console log17','console.log("hi")//17','user5@naver.com');
INSERT INTO code(code_no, category_no, code_title, code_content, code_source, user_email) VALUES (18,3,'title18','console log18','console.log("hi")//18','user1@naver.com');
INSERT INTO code(code_no, category_no, code_title, code_content, code_source, user_email) VALUES (19,3,'title19','console log19','console.log("hi")//19','user2@naver.com');
INSERT INTO code(code_no, category_no, code_title, code_content, code_source, user_email) VALUES (20,3,'title20','console log20','console.log("hi")//20','user3@naver.com');
INSERT INTO code(code_no, category_no, code_title, code_content, code_source, user_email) VALUES (21,4,'title21','console log21','console.log("hi")//21','user4@naver.com');
INSERT INTO code(code_no, category_no, code_title, code_content, code_source, user_email) VALUES (22,4,'title22','console log22','console.log("hi")//22','user5@naver.com');
INSERT INTO code(code_no, category_no, code_title, code_content, code_source, user_email) VALUES (23,4,'title23','console log23','console.log("hi")//23','user1@naver.com');
INSERT INTO code(code_no, category_no, code_title, code_content, code_source, user_email) VALUES (24,4,'title24','console log24','console.log("hi")//24','user2@naver.com');
INSERT INTO code(code_no, category_no, code_title, code_content, code_source, user_email) VALUES (25,4,'title25','console log25','console.log("hi")//25','user1@naver.com');
INSERT INTO code(code_no, category_no, code_title, code_content, code_source, user_email) VALUES (26,4,'title26','console log26','console.log("hi")//26','user2@naver.com');
INSERT INTO code(code_no, category_no, code_title, code_content, code_source, user_email) VALUES (27,5,'title27','console log27','console.log("hi")//27','user3@naver.com');
INSERT INTO code(code_no, category_no, code_title, code_content, code_source, user_email) VALUES (28,5,'title28','console log28','console.log("hi")//28','user4@naver.com');
INSERT INTO code(code_no, category_no, code_title, code_content, code_source, user_email) VALUES (29,5,'title29','console log29','console.log("hi")//29','user5@naver.com');
INSERT INTO code(code_no, category_no, code_title, code_content, code_source, user_email) VALUES (30,5,'title30','console log30','console.log("hi")//30','user1@naver.com');
INSERT INTO code(code_no, category_no, code_title, code_content, code_source, user_email) VALUES (31,5,'title31','console log31','console.log("hi")//31','user2@naver.com');
INSERT INTO code(code_no, category_no, code_title, code_content, code_source, user_email) VALUES (32,5,'title32','console log32','console.log("hi")//32','user3@naver.com');
INSERT INTO code(code_no, category_no, code_title, code_content, code_source, user_email) VALUES (33,5,'title33','console log33','console.log("hi")//33','user4@naver.com');
INSERT INTO code(code_no, category_no, code_title, code_content, code_source, user_email) VALUES (34,6,'title34','console log34','console.log("hi")//34','user5@naver.com');
INSERT INTO code(code_no, category_no, code_title, code_content, code_source, user_email) VALUES (35,6,'title35','console log35','console.log("hi")//35','user1@naver.com');
INSERT INTO code(code_no, category_no, code_title, code_content, code_source, user_email) VALUES (36,6,'title36','console log36','console.log("hi")//36','user2@naver.com');
INSERT INTO code(code_no, category_no, code_title, code_content, code_source, user_email) VALUES (37,6,'title37','console log37','console.log("hi")//37','user1@naver.com');
INSERT INTO code(code_no, category_no, code_title, code_content, code_source, user_email) VALUES (38,6,'title38','console log38','console.log("hi")//38','user2@naver.com');
INSERT INTO code(code_no, category_no, code_title, code_content, code_source, user_email) VALUES (39,6,'title39','console log39','console.log("hi")//39','user3@naver.com');
INSERT INTO code(code_no, category_no, code_title, code_content, code_source, user_email) VALUES (40,6,'title40','console log40','console.log("hi")//40','user4@naver.com');
INSERT INTO code(code_no, category_no, code_title, code_content, code_source, user_email) VALUES (41,7,'title41','console log41','console.log("hi")//41','user5@naver.com');
INSERT INTO code(code_no, category_no, code_title, code_content, code_source, user_email) VALUES (42,7,'title42','console log42','console.log("hi")//42','user1@naver.com');
INSERT INTO code(code_no, category_no, code_title, code_content, code_source, user_email) VALUES (43,7,'title43','console log43','console.log("hi")//43','user2@naver.com');
INSERT INTO code(code_no, category_no, code_title, code_content, code_source, user_email) VALUES (44,7,'title44','console log44','console.log("hi")//44','user3@naver.com');
INSERT INTO code(code_no, category_no, code_title, code_content, code_source, user_email) VALUES (45,7,'title45','console log45','console.log("hi")//45','user4@naver.com');
INSERT INTO code(code_no, category_no, code_title, code_content, code_source, user_email) VALUES (46,7,'title46','console log46','console.log("hi")//46','user5@naver.com');
INSERT INTO code(code_no, category_no, code_title, code_content, code_source, user_email) VALUES (47,7,'title47','console log47','console.log("hi")//47','user1@naver.com');
INSERT INTO code(code_no, category_no, code_title, code_content, code_source, user_email) VALUES (48,7,'title48','console log48','console.log("hi")//48','user2@naver.com');
INSERT INTO code(code_no, category_no, code_title, code_content, code_source, user_email) VALUES (49,7,'title49','console log49','console.log("hi")//49','user1@naver.com');
INSERT INTO code(code_no, category_no, code_title, code_content, code_source, user_email) VALUES (50,7,'title50','console log50','console.log("hi")//50','user2@naver.com');
INSERT INTO code(code_no, category_no, code_title, code_content, code_source, user_email) VALUES (51,7,'title51','console log51','console.log("hi")//51','user3@naver.com');
INSERT INTO code(code_no, category_no, code_title, code_content, code_source, user_email) VALUES (52,7,'title52','console log52','console.log("hi")//52','user4@naver.com');
INSERT INTO code(code_no, category_no, code_title, code_content, code_source, user_email) VALUES (53,7,'title53','console log53','console.log("hi")//53','user5@naver.com');
INSERT INTO code(code_no, category_no, code_title, code_content, code_source, user_email) VALUES (54,7,'title54','console log54','console.log("hi")//54','user1@naver.com');

-- code_category 
INSERT INTO code_category(category_no, category_name, user_email) VALUES (1,'Java', 'user1@naver.com');
INSERT INTO code_category(category_no, category_name, user_email) VALUES (2,'C#', 'user1@naver.com');
INSERT INTO code_category(category_no, category_name, user_email) VALUES (3,'Javascript', 'user1@naver.com');
INSERT INTO code_category(category_no, category_name, user_email) VALUES (4,'jQuery', 'user1@naver.com');
INSERT INTO code_category(category_no, category_name, user_email) VALUES (5,'PHP', 'user1@naver.com');
INSERT INTO code_category(category_no, category_name, user_email) VALUES (6,'C/C++', 'user1@naver.com');
INSERT INTO code_category(category_no, category_name, user_email) VALUES (7,'Oracle', 'user1@naver.com');
INSERT INTO code_category(category_no, category_name, user_email) VALUES (8,'Java', 'user2@naver.com');
INSERT INTO code_category(category_no, category_name, user_email) VALUES (9,'C#', 'user2@naver.com');
INSERT INTO code_category(category_no, category_name, user_email) VALUES (10,'Javascript', 'user2@naver.com');
INSERT INTO code_category(category_no, category_name, user_email) VALUES (11,'jQuery', 'user2@naver.com');
INSERT INTO code_category(category_no, category_name, user_email) VALUES (12,'PHP', 'user2@naver.com');
INSERT INTO code_category(category_no, category_name, user_email) VALUES (13,'C/C++', 'user2@naver.com');
INSERT INTO code_category(category_no, category_name, user_email) VALUES (14,'Oracle', 'user2@naver.com');
INSERT INTO code_category(category_no, category_name, user_email) VALUES (15,'Java', 'user3@naver.com');
INSERT INTO code_category(category_no, category_name, user_email) VALUES (16,'C#', 'user3@naver.com');
INSERT INTO code_category(category_no, category_name, user_email) VALUES (17,'Javascript', 'user3@naver.com');
INSERT INTO code_category(category_no, category_name, user_email) VALUES (18,'jQuery', 'user3@naver.com');
INSERT INTO code_category(category_no, category_name, user_email) VALUES (19,'PHP', 'user3@naver.com');
INSERT INTO code_category(category_no, category_name, user_email) VALUES (20,'C/C++', 'user3@naver.com');
INSERT INTO code_category(category_no, category_name, user_email) VALUES (21,'Oracle', 'user3@naver.com');
INSERT INTO code_category(category_no, category_name, user_email) VALUES (22,'Java', 'user4@naver.com');
INSERT INTO code_category(category_no, category_name, user_email) VALUES (23,'C#', 'user4@naver.com');
INSERT INTO code_category(category_no, category_name, user_email) VALUES (24,'Javascript', 'user4@naver.com');
INSERT INTO code_category(category_no, category_name, user_email) VALUES (25,'jQuery', 'user4@naver.com');
INSERT INTO code_category(category_no, category_name, user_email) VALUES (26,'PHP', 'user4@naver.com');
INSERT INTO code_category(category_no, category_name, user_email) VALUES (27,'C/C++', 'user4@naver.com');
INSERT INTO code_category(category_no, category_name, user_email) VALUES (28,'Oracle', 'user4@naver.com');
INSERT INTO code_category(category_no, category_name, user_email) VALUES (29,'Java', 'user5@naver.com');
INSERT INTO code_category(category_no, category_name, user_email) VALUES (30,'C#', 'user5@naver.com');
INSERT INTO code_category(category_no, category_name, user_email) VALUES (31,'Javascript', 'user5@naver.com');
INSERT INTO code_category(category_no, category_name, user_email) VALUES (32,'jQuery', 'user5@naver.com');
INSERT INTO code_category(category_no, category_name, user_email) VALUES (33,'PHP', 'user5@naver.com');
INSERT INTO code_category(category_no, category_name, user_email) VALUES (34,'C/C++', 'user5@naver.com');
INSERT INTO code_category(category_no, category_name, user_email) VALUES (35,'Oracle', 'user5@naver.com');

-- code_tech
INSERT INTO code_tech (code_no, tech_no) VALUES (1,1);
INSERT INTO code_tech (code_no, tech_no) VALUES (1,2);
INSERT INTO code_tech (code_no, tech_no) VALUES (1,3);
INSERT INTO code_tech (code_no, tech_no) VALUES (1,4);
INSERT INTO code_tech (code_no, tech_no) VALUES (1,5);
INSERT INTO code_tech (code_no, tech_no) VALUES (2,1);
INSERT INTO code_tech (code_no, tech_no) VALUES (2,2);
INSERT INTO code_tech (code_no, tech_no) VALUES (2,3);
INSERT INTO code_tech (code_no, tech_no) VALUES (2,4);
INSERT INTO code_tech (code_no, tech_no) VALUES (2,5);
INSERT INTO code_tech (code_no, tech_no) VALUES (3,1);
INSERT INTO code_tech (code_no, tech_no) VALUES (3,2);
INSERT INTO code_tech (code_no, tech_no) VALUES (3,3);
INSERT INTO code_tech (code_no, tech_no) VALUES (3,4);
INSERT INTO code_tech (code_no, tech_no) VALUES (3,5);
INSERT INTO code_tech (code_no, tech_no) VALUES (4,1);
INSERT INTO code_tech (code_no, tech_no) VALUES (5,2);
INSERT INTO code_tech (code_no, tech_no) VALUES (6,3);
INSERT INTO code_tech (code_no, tech_no) VALUES (7,4);
INSERT INTO code_tech (code_no, tech_no) VALUES (8,5);
INSERT INTO code_tech (code_no, tech_no) VALUES (9,1);
INSERT INTO code_tech (code_no, tech_no) VALUES (10,2);
INSERT INTO code_tech (code_no, tech_no) VALUES (11,3);
INSERT INTO code_tech (code_no, tech_no) VALUES (12,4);
INSERT INTO code_tech (code_no, tech_no) VALUES (13,5);
INSERT INTO code_tech (code_no, tech_no) VALUES (14,1);
INSERT INTO code_tech (code_no, tech_no) VALUES (15,2);
INSERT INTO code_tech (code_no, tech_no) VALUES (16,3);
INSERT INTO code_tech (code_no, tech_no) VALUES (17,4);
INSERT INTO code_tech (code_no, tech_no) VALUES (18,5);
INSERT INTO code_tech (code_no, tech_no) VALUES (19,1);
INSERT INTO code_tech (code_no, tech_no) VALUES (20,2);
INSERT INTO code_tech (code_no, tech_no) VALUES (21,3);
INSERT INTO code_tech (code_no, tech_no) VALUES (22,4);
INSERT INTO code_tech (code_no, tech_no) VALUES (23,5);
INSERT INTO code_tech (code_no, tech_no) VALUES (24,1);
INSERT INTO code_tech (code_no, tech_no) VALUES (25,2);
INSERT INTO code_tech (code_no, tech_no) VALUES (26,3);
INSERT INTO code_tech (code_no, tech_no) VALUES (27,4);
INSERT INTO code_tech (code_no, tech_no) VALUES (28,5);
INSERT INTO code_tech (code_no, tech_no) VALUES (29,1);
INSERT INTO code_tech (code_no, tech_no) VALUES (30,2);
INSERT INTO code_tech (code_no, tech_no) VALUES (31,3);
INSERT INTO code_tech (code_no, tech_no) VALUES (32,4);
INSERT INTO code_tech (code_no, tech_no) VALUES (33,5);
INSERT INTO code_tech (code_no, tech_no) VALUES (34,1);
INSERT INTO code_tech (code_no, tech_no) VALUES (35,2);
INSERT INTO code_tech (code_no, tech_no) VALUES (36,3);
INSERT INTO code_tech (code_no, tech_no) VALUES (37,4);
INSERT INTO code_tech (code_no, tech_no) VALUES (38,5);
INSERT INTO code_tech (code_no, tech_no) VALUES (39,1);
INSERT INTO code_tech (code_no, tech_no) VALUES (40,2);
INSERT INTO code_tech (code_no, tech_no) VALUES (41,3);
INSERT INTO code_tech (code_no, tech_no) VALUES (42,4);
INSERT INTO code_tech (code_no, tech_no) VALUES (43,5);
INSERT INTO code_tech (code_no, tech_no) VALUES (44,1);
INSERT INTO code_tech (code_no, tech_no) VALUES (45,2);
INSERT INTO code_tech (code_no, tech_no) VALUES (46,3);
INSERT INTO code_tech (code_no, tech_no) VALUES (47,4);
INSERT INTO code_tech (code_no, tech_no) VALUES (48,5); 